<?xml version='1.0' encoding='UTF-8' ?>
<timeLogEntries>
  <time id="1" path="/Libreria Nacional/PSP0/Code" start="@1613150358970" delta="6" />
  <time id="2" path="/libreria/PSP0/Planning" start="@1614218935941" delta="34" />
  <time id="3" path="/libreria/PSP0/Planning" start="@1614221803415" delta="4" interrupt="1" />
  <time id="4" path="/libreria/PSP0/Planning" start="@1614356715387" delta="55" interrupt="3" />
  <time id="5" path="/libreria/PSP0/Planning" start="@1614380749877" delta="51" />
  <time id="6" path="/libreria/PSP0/Design" start="@1615520176791" delta="119" comment="Arreglando drive del método de la ingeniería" />
  <time id="7" path="/libreria/PSP0/Planning" start="@1615690098229" delta="135" />
  <time id="9" path="/libreria/PSP0/Design" start="@1615990959921" delta="175" comment="Completando drive del método de la ingeniería" />
  <time id="11" path="/libreria/PSP0/Code" start="@1616001462945" delta="26" />
  <time id="8" path="/libreria/PSP0/Design" start="@1615991011105" comment="nothing" />
  <time id="10" path="/libreria/PSP0/Code" start="@1616001477415" comment="coding" />
  <time id="12" path="/libreria/PSP0/Code" start="@1616095481719" delta="96" comment="reading code" />
  <time id="13" path="/libreria/PSP0/Code" start="@1616114249971" delta="173" comment="hassh tables" />
  <time id="14" path="/libreria/PSP0/Code" start="@1616169945621" delta="145" comment="coding" />
  <time id="15" path="/libreria/PSP0/Code" start="@1616204466949" delta="187" comment="coding" />
  <time id="16" path="/libreria/PSP0/Code" start="@1616263950026" delta="156" comment="coding" />
  <time id="17" path="/libreria/PSP0/Design" start="@1616289875921" delta="167" comment="Analisis temporal y espacial" />
  <time id="18" path="/libreria/PSP0/Code" start="@1616442541782" delta="499" comment="final section" />
</timeLogEntries>
