<?xml version='1.0' encoding='UTF-8' ?>
<timeLogEntries>
  <time id="1" path="/BookStore/PSP0/Planning" start="@1614220577990" delta="24" />
  <time id="2" path="/BookStore/PSP0/Planning" start="@1614357255554" delta="43" interrupt="2" />
  <time id="3" path="/BookStore/PSP0/Design" start="@1614359972383" delta="16" />
  <time id="4" path="/BookStore/PSP0/Design" start="@1614381118912" delta="60" />
  <time id="5" path="/BookStore/PSP0/Design" start="@1614981926770" delta="54" />
  <time id="6" path="/BookStore/PSP0/Design" start="@1615150497222" delta="40" />
  <time id="7" path="/BookStore/PSP0/Code" start="@1615152901993" delta="87" interrupt="15" />
  <time id="8" path="/BookStore/PSP0/Code" start="@1615327310468" delta="65" />
  <time id="9" path="/BookStore/PSP0/Code" start="@1615520153905" delta="77" />
  <time id="10" path="/BookStore/PSP0/Design" start="@1615569071005" delta="37" />
  <time id="11" path="/BookStore/PSP0/Code" start="@1615588805019" delta="25" />
  <time id="12" path="/BookStore/PSP0/Code" start="@1615668623375" delta="113" />
  <time id="13" path="/BookStore/PSP0/Test" start="@1615758083176" delta="3" />
  <time id="14" path="/BookStore/PSP0/Test" start="@1615758261205" delta="63" />
  <time id="15" path="/BookStore/PSP0/Code" start="@1615762036888" delta="58" interrupt="8" />
  <time id="16" path="/BookStore/PSP0/Code" start="@1615768189107" delta="62" />
  <time id="17" path="/BookStore/PSP0/Code" start="@1616171051147" delta="132" />
  <time id="18" path="/BookStore/PSP0/Code" start="@1616204431930" delta="10" />
  <time id="19" path="/BookStore/PSP0/Test" start="@1616205024087" delta="77" />
  <time id="20" path="/BookStore/PSP0/Code" start="@1616211062102" delta="39" />
  <time id="21" path="/BookStore/PSP0/Test" start="@1616222528385" delta="50" />
  <time id="22" path="/BookStore/PSP0/Test" start="@1616263862153" delta="146" />
  <time id="23" path="/BookStore/PSP0/Design" start="@1616277485663" delta="17" />
  <time id="24" path="/BookStore/PSP0/Design" start="@1616299582354" delta="63" />
  <time id="25" path="/BookStore/PSP0/Code" start="@1616454180724" delta="329" interrupt="8" />
  <time id="26" path="/BookStore/PSP0/Design" start="@1616475103166" delta="30" />
</timeLogEntries>
